Datetime,Water Level (m)
2025-07-25 00:00:00,-0.15805365
2025-07-25 01:00:00,-0.14000443
2025-07-25 02:00:00,0.27482912
2025-07-25 03:00:00,0.90796304
2025-07-25 04:00:00,1.3856379
2025-07-25 05:00:00,1.7032837
2025-07-25 06:00:00,1.8593585
2025-07-25 07:00:00,1.808357
2025-07-25 08:00:00,1.5614893
2025-07-25 09:00:00,1.2200164
2025-07-25 10:00:00,0.96325594
2025-07-25 11:00:00,0.70656466
2025-07-25 12:00:00,0.4892432
2025-07-25 13:00:00,0.314702
2025-07-25 14:00:00,0.26531354
2025-07-25 15:00:00,0.6075913
2025-07-25 16:00:00,1.091718
2025-07-25 17:00:00,1.3857485
2025-07-25 18:00:00,1.5639907
2025-07-25 19:00:00,1.5873116
2025-07-25 20:00:00,1.3681016
2025-07-25 21:00:00,0.947253
2025-07-25 22:00:00,0.6021859
2025-07-25 23:00:00,0.35507756
2025-07-26 00:00:00,0.14646159
2025-07-26 01:00:00,0.014290841
2025-07-26 02:00:00,0.053001635
2025-07-26 03:00:00,0.63756037
2025-07-26 04:00:00,1.1614251
2025-07-26 05:00:00,1.5383106
2025-07-26 06:00:00,1.7945215
2025-07-26 07:00:00,1.8730009
2025-07-26 08:00:00,1.6978142
2025-07-26 09:00:00,1.3211482
2025-07-26 10:00:00,0.9369631
2025-07-26 11:00:00,0.6383205
2025-07-26 12:00:00,0.41112497
2025-07-26 13:00:00,0.20102735
2025-07-26 14:00:00,0.061348584
2025-07-26 15:00:00,0.08339384
2025-07-26 16:00:00,0.60733896
2025-07-26 17:00:00,1.0462295
2025-07-26 18:00:00,1.3371686
2025-07-26 19:00:00,1.4925841
2025-07-26 20:00:00,1.4151446
2025-07-26 21:00:00,1.0824132
2025-07-26 22:00:00,0.6722132
2025-07-26 23:00:00,0.38012016
2025-07-27 00:00:00,0.13109177
2025-07-27 01:00:00,-0.052692585
2025-07-27 02:00:00,-0.14627066
2025-07-27 03:00:00,0.002219698
2025-07-27 04:00:00,0.57874465
2025-07-27 05:00:00,1.025088
2025-07-27 06:00:00,1.3831236
2025-07-27 07:00:00,1.6216286
2025-07-27 08:00:00,1.627699
2025-07-27 09:00:00,1.399366
2025-07-27 10:00:00,0.9563236
2025-07-27 11:00:00,0.6001348
2025-07-27 12:00:00,0.34528062
2025-07-27 13:00:00,0.13218543
2025-07-27 14:00:00,-0.040828492
2025-07-27 15:00:00,-0.11819437
2025-07-27 16:00:00,0.19288309
2025-07-27 17:00:00,0.7031785
2025-07-27 18:00:00,1.055508
2025-07-27 19:00:00,1.3003222
2025-07-27 20:00:00,1.3842342
2025-07-27 21:00:00,1.2101065
2025-07-27 22:00:00,0.85725844
2025-07-27 23:00:00,0.5058994
2025-07-28 00:00:00,0.2417694
2025-07-28 01:00:00,0.023754042
2025-07-28 02:00:00,-0.1359536
2025-07-28 03:00:00,-0.17985928
2025-07-28 04:00:00,0.18949252
2025-07-28 05:00:00,0.73122114
2025-07-28 06:00:00,1.1162908
2025-07-28 07:00:00,1.4104581
2025-07-28 08:00:00,1.5373545
2025-07-28 09:00:00,1.4028225
2025-07-28 10:00:00,1.0630597
2025-07-28 11:00:00,0.6612676
2025-07-28 12:00:00,0.3916831
2025-07-28 13:00:00,0.1515124
2025-07-28 14:00:00,-0.032655217
2025-07-28 15:00:00,-0.14611751
2025-07-28 16:00:00,-0.10104223
2025-07-28 17:00:00,0.38434932
2025-07-28 18:00:00,0.8159506
2025-07-28 19:00:00,1.1304268
2025-07-28 20:00:00,1.3325472
2025-07-28 21:00:00,1.3155235
2025-07-28 22:00:00,1.0475026
2025-07-28 23:00:00,0.69057417
2025-07-29 00:00:00,0.40103397
2025-07-29 01:00:00,0.17785396
2025-07-29 02:00:00,-0.00035289122
2025-07-29 03:00:00,-0.08944701
2025-07-29 04:00:00,0.036732353
2025-07-29 05:00:00,0.5465659
2025-07-29 06:00:00,0.9391829
2025-07-29 07:00:00,1.246814
2025-07-29 08:00:00,1.4440442
2025-07-29 09:00:00,1.4346762
2025-07-29 10:00:00,1.2083068
2025-07-29 11:00:00,0.8442231
2025-07-29 12:00:00,0.52739185
2025-07-29 13:00:00,0.2845727
2025-07-29 14:00:00,0.085115366
2025-07-29 15:00:00,-0.04993866
2025-07-29 16:00:00,-0.08730514
2025-07-29 17:00:00,0.18654273
2025-07-29 18:00:00,0.6621094
2025-07-29 19:00:00,0.99481606
2025-07-29 20:00:00,1.2239642
2025-07-29 21:00:00,1.3084328
2025-07-29 22:00:00,1.1600062
2025-07-29 23:00:00,0.8558058
2025-07-30 00:00:00,0.5553291
2025-07-30 01:00:00,0.33044666
2025-07-30 02:00:00,0.14089587
2025-07-30 03:00:00,0.014750831
2025-07-30 04:00:00,-0.006322499
2025-07-30 05:00:00,0.25376904
2025-07-30 06:00:00,0.7388053
2025-07-30 07:00:00,1.076932
2025-07-30 08:00:00,1.3137128
2025-07-30 09:00:00,1.4133586
2025-07-30 10:00:00,1.2868179
2025-07-30 11:00:00,0.989709
2025-07-30 12:00:00,0.6497015
2025-07-30 13:00:00,0.39432833
2025-07-30 14:00:00,0.18339594
2025-07-30 15:00:00,0.032103736
2025-07-30 16:00:00,-0.041912936
2025-07-30 17:00:00,0.045560334
2025-07-30 18:00:00,0.4264774
2025-07-30 19:00:00,0.7724647
2025-07-30 20:00:00,1.0246938
2025-07-30 21:00:00,1.1809841
2025-07-30 22:00:00,1.1666647
2025-07-30 23:00:00,0.9689542
2025-07-31 00:00:00,0.6812793
